student_id,essay
leaps_user105,"Predictive modelling is a technique that has the potential to act as a support for education design. For example, it can find underlying patterns based on student behavior to predict dropout rates. Based on its results, educators can pinpoint the pain-points to create specialized interventions and improve the quality of education. 

It is crucial to note that these models should not replace educators, rather act as a support.
We cannot rely solely on models´ results, as it might result in major ethical and flat out wrong assumptions. 

Firstly, the widely known ""black box"" problem of AI poses challenges in producing explainable results. In other words, as we don´t know how the model comes to a conclusion, we are not able to account for which factors it uses to generate predictions of behavior. For example, a model that uses to predict the learning outcomes of a class might not take into account different alternative sources that students might be using, independently of the course content. As a result, the model cannot actually explain how students can learn and its causality inference would be wrong. 

Secondly, scholars point out to the risk of these systems reinforcing stereotypes in students, and consequently, widening these inequalities.  A final point important to note is that they are not successful at producing generalizable predictions For example, a communication course prediction model cannot produce a similar prediction when applied to to student behaviors in a  mathematics course.

Even though predictive models offer various advantages in education, their results should be taken with a grain of salt. Because they systems fail to take context into account, they produce superficial predictions. Additionally, the ethical risks of these systems gives responsibility to the deployers and users when interpreting their results. Put differently, the full reliance on predictive models is proven to be dangerous if social, pedagogical and social influences are not taken into account.
"
leaps_user108,"Predictive modelling is a powerful technique that uses historical data to predict future outcomes or behaviors. Nowadays, predictive modelling is emerging as a valuable tool to enhance human lives, increase business efficiency, and serve as a preemptive measure. Overall, predictive modelling offers valuable insights and predictions that can drive informed decision-making.

Predictive modelling in education is revolutionizing the way educators support students at risk of academic failure. Predictive models can predict potential future outcomes, such as student dropouts, before occuring by analyzing past student behavior. This approach allows for early intervention strategies to be implemented, tailored to each student's specific needs. By creating student profiles based on data-driven insights, educators can provide targeted support, recommend appropriate learning materials, and adapt teaching practices to improve student retention. Additionally, predictive modelling can inform decision-making at the institutional level, identifying patterns in student behavior across different courses and cohorts. When developed responsibly, predictive modelling can enhance educational processes such as increasing graduation rate and contributes to ongoing improvement and fairness in education.

Furthermore, predictive modelling assumes a role in learning analytics, where educational data is used to enhance teaching and learning processes. By utilizing models, educators can gain valuable insights into student participation, making educational processes more transparent and easier to interpret. These models can help educators identify patterns in student behavior, predict potential challenges, and tailor interventions to meet the specific needs of individual students. By incorporating factors such as course design, predictive modelling can provide meaningful and context-sensitive results that support teachers in optimizing their teaching strategies. Ultimately, predictive modelling in learning analytics contributes to scientific progress, confirms findings about student success and risk factors, and helps educators make informed decisions for students.

In summary, predictive modelling in education and learning analytics has proven to be a valuable tool for identifying at-risk students, improving retention rates, and enhancing teaching practices. By analyzing past data, the models can provide people with valuable insights for improvement. Overall, when developed responsibly, predictive modelling contributes to ongoing improvement in education and helps make learning more adaptive and responsive to the needs of students and teachers.








Predictive modelling, a technique that uses existing data to predict future events, has become increasingly prevalent in the field of education. While it offers the potential to enhance student support and improve outcomes, the application of predictive models in education also raises ethical concerns and risks. This essay will explore the benefits and challenges associated with predictive modelling in education, focusing on how these models can impact student classification, institutional decision-making, and the overall learning process.

One of the primary challenges of predictive modelling in education is the risk of reinforcing stereotypes and biases. Models that heavily rely on demographic data, such as race, gender, or socioeconomic status, may oversimplify students and define them based on their background rather than their potential. Additionally, the interpretation of student behavior data, such as online activity, can vary significantly depending on the context. For instance, the same action may indicate success in one course but failure in another due to differences in instructional design and course conditions. Relying solely on surface-level data like clicks or views may lead to missclassification of students and misunderstanding their engagement with course content.

At the institutional level, models face limitations when applied broadly across different subjects. Predictors that are effective in one course may not hold the same meaning in another, leading to misinterpretations. The lack of theoretical foundations in many predictive models further complicates their reliability and interpretability. Accountability is another critical concern, as unfair outcomes produced can harm vulnerable students and erode trust in the education system. The recent UK A-level grading controversy serves as a stark example of how automated systems can produce unjust results, highlighting the importance of clear rules and responsibility in predictive modelling.

While predictive modelling in education offers potential benefits in improving student support and decision-making, its ethical risks and limitations must be carefully considered. The reliance on historical and demographic data can perpetuate inequalities and privacy concerns, while the lack of transparency and accountability can lead to unfair outcomes. Responsible use is essential to mitigate these risks and ensure these tools contribute positively to education without reinforcing existing disparities."
leaps_user111,"Predictive modelling in education has emerged as a powerful tool with the potential to revolutionize student support, decision-making, and learning outcomes. It becomes evident that predictive modelling in education is a complex and multifaceted issue that requires careful consideration and responsible application. 
Text A argues that predictive modelling in education can be beneficial for identifying at-risk students, tailoring interventions, improving learning outcomes, and informing decision-making at both the classroom and institutional levels. It emphasizes the value of using past data to predict future behavior, supporting educators in making informed decisions, and contributing to scientific progress. The text also highlights the importance of considering diverse student information, course conditions, and regularly updating predictions to enhance the accuracy and fairness of the models. Additionally, the text highlights the potential for predictive modelling to inform the redesign of teaching practices and the allocation of support services based on data-driven insights.
On the other hand, Text B raises ethical concerns and limitations associated with predictive modelling in education. It discusses the risks of reinforcing stereotypes, misclassifying students based on demographic or online activity data, and the lack of theoretical basis in some models. The text also addresses challenges related to applying predictive models across different courses, potential for unfair outcomes, accountability issues, and hidden failures. It argues that predictive modelling has the potential to exacerbate existing inequalities in education if not used responsibly.
Overall, while Text A focuses on the positive aspects and potential benefits of predictive modelling in education, Text B delves into the ethical risks and limitations that come with its implementation. The progression from the advantages highlighted in Text A to the ethical concerns raised in Text B underscores the complex nature of predictive modelling in education and the need for responsible and thoughtful application to ensure positive outcomes for students and educators. Together, these additional claims further strengthen the arguments presented in both texts regarding the potential benefits and ethical considerations of predictive modelling in education.
"
leaps_user112,"Predicting modeling in education is based on collecting and analyzing data on student behaviour tgat describes past events to develop models that can predict future behavior using completely new data. 

This models can be used, for example, to describe student chacteristics, need or preferences and use them to help decision making. This comes with risks, if the data set from several courses or different cohorts of students are examined together, researchers may find patterns that may otherwise be missed, but if we do the opposite the predictions can be unfair, for instance, if it only describes one behavior of one group of students. In these cases, the results of predictive modelling may be misleading. 

When institutions use the same model for all students, they risk misinterpreting these differences and designing interventions that do not address the real needs of learners and teachers. This tension shows the difficulty of building models that are easy to use across many courses, but also precise and meaningful in each context.

It is important to acknowledge, however, that predictive modelling is not free of ethical risks. Models may reflect inequalities, or reduce student autonomy unless they are tested carefully, include information from many kinds of students, and are reviewed by outside experts. For instance, models that rely heavily on demographic data such as race, gender or socioeconomic status can simplify students, making them feel defined by their background rather than their potential. To pass this problem more data should be analiyed but collecting more data for prediction also creates concerns about privacy and about whether students are being monitored too closely.

Accountability is another concern. In other words, there needs to be clarity about who is responsible if a model produces unfair results. Testing whether results are fair and making small technical changes, while necessary, do not always prevent unfair outcomes. 

Overall predicting modeling in education need to be more studied to better decide if we should use a model based on a wide variety or a specific group and it need to be developed with the help of laws and policies that supports the risks and decisions made  by the model.


"
leaps_user114,"Predictive modelling is based on the assumption that data that describes past events can be used to predict potential future behavior (Brooks & Thompson, 2017). In the field of learning analytics, that is using educational data to improve teaching and learning, predictive modelling can make educational processes. Inferences from the data make it possible for an early intervention before the student may be at risk. It can be used to tailor student support to each specific student, such as recommend learning materials that suit their specific needs or adapt existing learning materials to match their specific preferences. Beyond individual classrooms, predictive modelling can also inform decision-making at the university level. When data from several courses or different cohorts of students are examined together, researchers may find patterns that may otherwise be missed.

However, instead of supporting student growth, models may classify learners in ways that reinforce stereotypes. For instance, models that rely heavily on demographic data can simplify students, making them feel defined by their background rather than their potential, which they can reproduce and even amplify existing inequalities (Baker et al., 2023). At the institutional level, predictive models often face limits when applied too broadly. When institutions use the same model for all students, they risk misinterpreting these differences and designing interventions that do not address the real needs of learners and teachers. Moreover, predictive modelling in education faces challenges when it is unclear how models work and they are not always based on how students actually learn. 

Overall, predictive modelling may offer some advantages, but its ethical risks are hard to ignore. In this sense, predictive modelling takes in the inequalities already present in society and risks reinforcing them in education, which shows why it must be used responsibly. When developed responsibly, it can help make education fairer and more responsive to the needs of both students and teachers (Brooks & Greer, 2014).

"
leaps_user115,"Predictive modelling is a tool that can be used to understand and identify which students may drop out of university, or any courses in general. The basis of predictive modelling is that past situations and behaviors can be indicators of drop-out behaviour. Therefore, these models are trained on past students drop out behavior, to predict the likelyhood of future students' dropping out. This can be beneficial to students so that teachers and administrators can offer extra help to those who may be struggling. 

However, predictive modeling may cause harm if the training data of past students is not sufficient. Namely, if the training data is limited to one behavior some students can fall through the cracks. General data which does not differentiate between the class context can  The training data can also amplify stereotypes if the indicators heavily rely on demographic data. Furthermore, relying on students digital footprint in predicting their success might not be consistently accurate. Not all courses use technology in the same way, so predictive models may not work the same for every course. 

Another limitation of predictive modelling is that as tools, they blur the line in who should be held accountable in making the prediction. As a prediction algorithm is computational, it makes it hard to identify these mistakes and fix them. This leads to the problem of a lack of transparancy, which perpetuates the issue.

To make predictive algorithms fairer, developers can use diverse student information, and the model is built with the specific teaching method and the context of the course in mind. A positive side affect of predictive modelling is that is can help research in student behavior and engagement through the data it collects.

In conclusion, predictive modelling can be a powerful tool when it's used responsibly with well selected data, as a tool to support educators judgements and help them identify struggling pupils. On the other hand, without proper data, checks, accountability and training, they have potential to harm learning environments and students development."
leaps_user117,"Predictive modelling in education plays a crucial role in using past data to predict future student behavior and outcomes, assisting educators identify at-risk students and implementing early interventions, which are based on student profiles. The detailed description of individual information facilitate the supports for students, improving their learning outcomes and retention rate.  Predictive models can offer valuable support to both students and educators in various ways such as early identification of at-risk students, personalized learning, course redesign and  teaching practices.

At the institutional level, predictive modelling can provide valuable insights in decision-making and resource allocation, helping educators to adjust their courses. However, there are some ethical risks in predictive modelling such as potential biases and impacts on student autonomy.

Limitations may arise when predictive models are applied broadly in various fields, as predictors may have stereotypes, models may lead to ineffective interventions. Furthermore, challenges such as the lack of theoretical foundations, accountability mechanisms, and transparency in model workings can result in unfair outcomes and erode trust in the educational system.

To address these concerns, responsible use of predictive modelling involves considering diverse student information, regularly checking results, incorporating feedback mechanisms, and ensuring transparency and fairness. By taking these steps, educational institutions can avoid reinforcing existing inequalities and maintain trust in the predictive modelling process. Ultimately, predictive modelling, when used thoughtfully and ethically, has the potential to significantly enhance educational outcomes and support the needs of both students and educators.



"
leaps_user127,"Predictive modeling utilizes the existing data to make assumptions about a possible future outcome or a pattern. With the rising trend of AI application in several domains, predictive modelling has also started to be used in many different areas, and one of them is education.
There are several pros and cons comes with the implementation of predictive modelling in education. At universities, students' tendencies to drop-out school can be analyzed using student behavior and drop-out to reveal if there is a certain pattern in the relationship between how students acted before they dropped out. Therefore, it can help identify students at risk and allow for early intervention. At the core of these interventions is the concept of a student profile, which is a description of student characteristics, needs, or preferences based on data. Leveraging this data can support authorities to customize and tailor learning materials specific to each student and cater them to their particular preferences. It helps enhance learning outcomes student retention, and graduation rates. Predictive modelling also supports educators in translating complex materials into more interpretable and understandable results. One key concern when applying predictive modelling is having unfair and biased results. When the model is only trained for specific group of people, demographic background, age, education preferences etc., the model tends to give results based only on the data that it was trained with. As a result, the outcomes of the model might be biased and not representing for each different group. A follow up risk might be reinforcing stereotypes and simplifying students based on demographic data.For example, predictive models that heavily depend on demographic information like race, gender, or economic status may oversimplify students, causing them to feel categorized by their background rather than recognized for their capabilities.
In conclusion, while predictive modelling in education can enhance learning outcomes through personalized interventions, there are ethical risks. Relying on demographic data may oversimplify students and reinforce stereotypes. It is crucial to develop and implement predictive models responsibly to avoid perpetuating inequalities and maintaining trust in the education system. By addressing these challenges, predictive modelling can support student success while promoting fairness and inclusivity in education."
leaps_user129,"Predictive modeling is a technique that uses past data to predict future behavior or outcomes, allowing for the identification of patterns and trends that can be used to make informed decisions and improve outcomes in various fields, such as education. 

In education, predictive modeling can be used to identify students at risk of failure before they drop out of university by analyzing past data of student behavior and drop-out rates. This utilization may entail both advantageous and detrimental aspect. From one point of view, thanks to predictive modeling, student profiles based on data helps tailor support can be created and helpful interventions to individual student needs can be performed . On the other hand, this utilization  may reinforce stereotypes and classify learners based on demographic data. In addition to this, this usage can have limitations when applied broadly across different subjects, leading to misinterpretations and ineffective interventions due to the nature of predictive modeling. 

Furthermore, another usage of predictive modeling in education is might enable better decision-making at both individual and institutional levels in education by confirming findings about student success and risk factors. This application may exhibit both favorable and unfavorable implications similar to earlier mentioned usage of predictive modeling. For instance,  predictive models can support educators by making complex data easier to interpret and act on. Results can be translated into learner personas, which are short, story-like descriptions of typical students, to help plan targeted interventions such as workshops, tutoring, or online resources. On the other hand, challenges in predictive modeling in education include a lack of theoretical basis, reliance on online activity data, and difficulties in understanding how learning actually happens in the classroom. These challenges can result in untrustworthy and difficult-to-interpret findings, highlighting the importance of developing more robust and accurate predictive models in education.

After discussing the implications of predictive modeling in education, ethical concerns that may arise. These include the reinforcement of stereotypes and inequalities, as models may categorize learners based on demographic data, potentially limiting students based on their background rather than their potential. This emphasizes the need for ethical considerations in the development and application of predictive models.


"
leaps_user36,"Predictive modeling in education looks at past data to predict future student behaviour to enable early intervention for students at risk of dropping out. This helps to enhance a student's success by creating these profiles based on data-driven characteristics uniquely tailored support. This personalized approach can lead to improved learning outcomes, higher retention rates, and overall academic success for students. Ensuring that support is being given to students pro-actively and in turn generates a higher success rate for students. These models also asssist educators to interpret complex data and guiding target intervention to improve teaching practices and sopprt service allocations. Data privacy and security are essential considerations in the implementation of predictive modeling in education. It is crucial to ensure that student data is collected, stored, and used in compliance with data protection regulations to safeguard privacy and prevent unauthorized access or misuse of sensitive information. By emphasizing the importance of data privacy and security measures in predictive modeling processes, educators can uphold ethical standards and protect student information from misuse or unauthorized access. At an institutional level these models can inform decision making by identifying patterns in student behaviour across courses and cohorts, by facilitating course redesign and resource allocation. However, challanges like ethical risks, such as reinforced stereotyping and the limitations of broad model application are present. Accountability and transparency are crucial in addressing unfair outcomes and ensuring responsible model development. A good case study would be the UK-Alevel grading case, where the harm that automated systems can cause when there is no supervision was not taken into consideration. Thus, while predictive modeling offers benefits in education, it must still be used in a responsible and ethical manner as to mitigate unfair outcomes and other ethical dilemas when applying it to the educational field. It must be use in such a way as to exacerbate existing inequalities and undermining trust in the educational system."
leaps_user44,"Both texts A and B discuss using predictive modelling in the field of education. Text A focuses on the positives that AI systems analyzing student performance could bring to the quality of studying in the modern world, wheras text B draws attention to the risks stemming from the usage of such models.

Text A starts of by introducing the concept of predictive models which analyze past student behaviour in order to support them throughout the semester and keep retention rates high. It then goes on to tell about other models and tactics universities can employ to help educators teach better. For example it explains how creating student profiles, which are data based descriptions of students charactersits, can be used to create a customized learning experience for students. Later on in the text we read about potential pitfalls in designing and interpreting data about students, like not subgrouping the data into smaller groups of different study programmes. The text also warns about the fact that untested and unreviewed models can reflect inequalities and instead of helping students, further decrease their autonomy when it comes to choice making.

Like stated before text B takes a more conservative approach when it comes to the usage of predicitve models in education. It lists out the potential risks in the creation of such models as well as examples of predictive model failures. Models may inadvertently reinforce stereotypes and oversimplify students based on demographic data, potentially limiting their potential. Additionally, relying solely on online activity data to predict student behavior may not accurately reflect actual learning engagement. When applied institutionally, predictive models may not be universally applicable across different subjects, leading to misinterpretations and ineffective interventions. The UK A-level grading case exemplifies how automated systems can produce unfair outcomes, highlighting the ethical concerns surrounding predictive modeling in education. 

"
leaps_user45,"Predictive modelling in education serves as a valuable tool for educators to anticipate student behavior and outcomes, enabling proactive interventions to support at-risk students and optimize resource allocation. By leveraging historical data, educators can gain valuable insights into student performance trends and potential challenges, allowing for targeted support and tailored interventions to enhance student success and retention rates. This data-driven approach not only informs decision-making at both individual and institutional levels but also contributes to ongoing improvement and enhances student retention and graduation rates.

The utilization of predictive modelling in education is multifaceted, offering a data-driven approach to understanding student behavior and informing strategic interventions. By analyzing past data to predict future student behavior and outcomes, educators can proactively address student needs and enhance learning outcomes. The development of student profiles based on data further enables educators to tailor support and interventions to meet individual student needs, ultimately improving student success and retention rates.

However, the ethical implications of predictive modelling in education are significant, as it has the potential to perpetuate stereotypes and oversimplify student categorization based on demographic factors. The analysis of student behavior data, particularly online activity, requires a nuanced understanding to ensure meaningful insights and avoid reinforcing biases. Challenges arise at the institutional level due to the diverse nature of educational contexts, leading to potential misinterpretations and ineffective interventions.

Accountability concerns and the absence of a robust theoretical basis further complicate the responsible use of predictive models, highlighting the importance of addressing hidden failures and ensuring fairness in educational practices. The UK A-level grading controversy serves as a stark reminder of the risks associated with automated decision-making in education, emphasizing the need for clear guidelines, oversight mechanisms, and transparency to prevent unjust outcomes and uphold fairness in assessments.

In navigating the complexities of predictive modelling, it is essential to prioritize ethical practices to mitigate unintended consequences and promote fairness, transparency, and trust within the educational landscape. By addressing these challenges and utilizing predictive modelling responsibly, educators can harness its potential to enhance student outcomes and create a more equitable educational environment.


"
leaps_user46,"Predictive modelling is an AI technology that uses existing data to forecast future events. Predictive modelling has a lot of important areas of usage like contributing to scientific progress. The technology has also found its way of usage in education. Since you can make future predictions with this technology, both the instructors and students have started to find ways to use this technology to make their work easier. For example predictive modelling is frequently tried to be used for predicting drop-outs. The logic is simple. You have the data of the students that have failed before and you have the data of the students you have right now. The model tries to find patterns that had been true for past drop-outs and the current students that are going the same path with them. Instructors also has different advantages using the modelling, like compiling complex data and making it easier to understand and to act on. Everything looks positive so far, but the real life implications of this technology also are vulnurable to misuse. Especially when it is combined with education and the students. It can minimize the characteristics of a student into their demographics, leading to reinforcing stereotypes and unintended results. It can widen the gap between the advantaged and disadvantaged students by reinforcing these differences. Working with students, who often needs protection from their family and their school environment, while having no responsible body for the produced results could lead to a chaotic environment. This technology will be used to improve education quality. both by students and instructors, but it needs to be a responsible usage in order to protect both students and instructors. It needs to be run in a way that is transparent and accountable. The mechanism altogether should be trustable in order to be working in the future."
leaps_user47,"Predictive modeling can be defined as the process of past or existing data being used to predict potential future events as well as future behaviours. The texts discuss predictive modelling in context of its application to the education environment in terms of benefits and risks involved.

Predictive modeling helps aid early intervention from the educators perspective in education by identifying, analysing and decomplexifying factors based on personalised data of the students, thus aiding decision making factors, interpretation and output towards improving learning, retention  as well as graduation rates.

However some risks are involved in using predictive modelling as it can lead to misidentification or lack of coherent input of data that would lead to fair and equitable outcomes towards all students, thus using varied information as the innput is key to fair outcomes. 

If models are used wrongly or lead to unfair outcomes it could lead to an adverse outcome of student growth and bias towards specific students based on the data inputs throughout the process of predictive modelling especially when it comes to decision making regarding intervention, design and intepretation of information and academic programss, how the student is analysed from a biased perspective of the output shown to the educator to how grades are interpreted to the whole cohort and how they end up graded.

Upholding fairness and equitabilitzy in predictive modeling in education is key to learning outcomes being reached succesfully and for studnet growth to take place. It shoul d idvidiualise and persoanlise based on student data input instead of taking a grouped demographic approach where biased assumptions can take place and lead to misleading outputs of data and misintepretation of results and thus adversely affect the original intentions of using predictive models to aid education in the first place.

"
leaps_user48,"Predictive modelling is a concept that is based on historical data to create new models to analyze possible path of the future outcomes. Predictive modelling can be used in different fields. For example, using predictive modelling to identifying students needs about possible failure risks, exploring personalized ways based on their needs can be decreased the rate of student drop out university. Utilizing student profiles allows for tailored support, personalized recommendations, and data-driven interventions to enhance learning outcomes, engagement, and retention rates in universities. Predictive modelling also have several benefits in terms of university level. Analyzing data from multiple courses or student cohorts can reveal specific patterns of student behavior and performance, allowing educators to make targeted adjustments to course design and teaching strategies, while administrators can allocate support services more effectively based on identified needs. 

In the other hand, predictive modelling can be risky for some applications. For example, predictive models that focus on demographic data or online activity metrics may perpetuate stereotypes and oversimplify student identities, potentially leading to misclassification and misunderstanding of student engagement levels and learning efforts. Moreover, predictive modeling in education faces challenges due to a lack of theoretical basis, accountability issues regarding unfair results, and the potential for failures to remain hidden, ultimately impacting trust in the education system.

"
leaps_user52,"Predictive modelling is the ability AI has to predict future events, based on past ones. It takes previous data to ancicipate results for example. 
Text A focuses more on the benefits of using predictive modelling, while text B talks more about the difficulties AI has sometimes to process such information and how it´s sometimes biased if not done correctly , which can even affect minorities.
Text A explains how AI has the capabilities to take quantitive information and foresee results, and it even says that the AI does a good job most of the time. On the other hand, text B refers to the AI as ""lacking of ethics"", so it can be understood from that statement, that AI doesn´t carry the task excellently when it comes to qualitative data, it takes it even further as to say that it can generate discriminatory effects and categorize minorities.
To have a bigger idea of what the text means here are two examples that I once learned in class:
Let´s take the presidential elections for instance; we can give the AI data of the past elections and see how the elections went, providing information like age of the voters, state, what state had the more votes for republicans and democrats, where the candidates have tried to penetrate the most, and so on. The AI then gathers this data and makes a expectation of what the elections results could look like. Before USA´s last years elections, numerous trend analysis were carried out, and most of them gave the same result, and the right one, which was that Donald Trump would become president again based on previous elections´data.
Now let´s consider predivtive policing, where the AI model was given faces and names and predict who had had charges before. The AI sectioned them by race and name and ended up putting people of color or immigrants in the list, this is what text B meant with lack of ethics and accountability.
"
leaps_user57,"Predictive modelling in education uses past data to predict future student behavior, enabling early intervention to prevent academic failure and guide course redesign and resource allocation at the university level. In education, this technique has been commonly applied to identify students at risk of failure before they drop out of university. Educational interventions focus on personalized support based on student characteristics, with predictive models helping in interpreting data and creating learner personas for targeted interventions. In learning analytics, predictive modelling enhances educational processes by increasing transparency in student progress and participation, achieving fair predictions through varied student information and contributing to scientific progress by confirming findings about student success and risk factors. This approach is essential for improving education by adapting to student needs, guiding decisions at the institutional level, and addressing ethical risks to ensure a fair and responsive educational system.

On the other hand, predictive modelling in education presents risks as it may reinforce stereotypes and oversimplify student classification based on demographic data, potentially leading to misclassifications and interventions that do not address the genuine needs of learners and teachers. The analysis of student behavior, particularly online activity, may result in misclassifications due to contextual nuances, while the broad application of predictive models at the institutional level could overlook subject-specific intricacies, resulting in interventions that fail to meet the genuine needs of students and educators. The absence of a solid theoretical foundation in certain studies contributes to unreliable outcomes and interpretational hurdles, emphasizing the importance of addressing accountability, privacy, and the potential for biased results in predictive modelling within education. The UK A-level grading case illustrates how automated systems based on past behavior can yield unfair results, underscoring the necessity of clear rules and responsibility in predictive modelling to prevent the widening gap between advantaged and disadvantaged students and uphold trust in the educational system. To mitigate these risks and establish an equitable and efficient educational system, careful testing, the inclusion of diverse student information, and input from external experts are crucial components in the predictive modelling process.


"
leaps_user60,"Predictive modeling is a valuable tool for deriving insights from data while learning from the provided information. In the realm of education, it proves to be highly beneficial, although certain risks must be acknowledged. These risks stem from both traditional data analysis errors and specific factors inherent to the educational field.

Initially, we outline the advantages of employing predictive modeling in education. Predictive modeling utilizes historical data to anticipate future behavior, such as identifying students at risk of university dropout. Student profiles crafted from data can customize support for individual students, enhancing learning outcomes. Predictive models aid educators in simplifying complex data for improved interpretation and actionable insights, leading to targeted interventions and enhanced teaching methodologies. At the university level, predictive modeling informs decision-making by recognizing patterns in student behavior across various courses and student cohorts. In learning analytics, predictive modeling enhances transparency in educational processes, facilitating easier interpretation for teachers. Ensuring fairness in predictions is crucial, necessitating models to consider diverse student information and course conditions for enhanced accuracy. 

Regarding the risks involved, several considerations must be taken into account before embarking on data analysis studies and research. Predictive modeling in education has the potential to perpetuate stereotypes and oversimplify students based on demographic data, potentially constraining their potential. The context in which student data is gathered and analyzed plays a pivotal role, as behaviors may hold varying implications across different courses. Predictive models may encounter limitations when broadly applied across diverse subjects, as identical predictors may yield differing meanings in distinct contexts. Challenges in predictive modeling encompass a dearth of theoretical underpinnings, ambiguous accountability, and the possibility of unfair outcomes that disadvantage vulnerable students. Moreover, predictive modeling can exacerbate existing inequalities, raise privacy concerns, and diminish trust in the educational system. 

In conclusion, ethical risks associated with predictive modeling include the reinforcement of inequalities and the erosion of student autonomy, which can be mitigated through meticulous testing, diverse student information, and external review. When developed responsibly, predictive modeling has the potential to foster fairness and responsiveness in education to cater to the needs of both students and educators."
leaps_user67,"The use of predictive modelling in education is a promising technology that has the potential to help both students and teachers, but one that is still in its infancy, and will require a great deal of responsibility and further development if it is to be used as a reliable tool. Predictive modelling has the potential to help students by tailoring support in a way that may improve learning and, in turn, improve graduation rates. If trained properly, it can also be used to identify students that are at risk of dropping out, and instruct teachers to intervene before this occurs. If used properly, it can benefit instructors and university staff by helping to interpret complex data and provide possible actions to be taken based on said data. This, in theory, can improve the efficiency of university-level decision-making. But, as previously mentioned, predictive modelling is not without its risks.

A predictive model is only as good as the data it is trained on, and if there is something about the data sets used that is biased or unequal, the use of the subsequent model runs the risk of amplifying these inequalities and reinforcing stereotypes based on race, gender, or socioeconomic status. At the same time, even if the model is free of demographic-based bias, it has the potential of misclassifying students or reducing student autonomy due to a lack of context. Whether the students are from different study programs or are simply different types of learners, actions taken by one student may lead to success, while those same actions may lead to failure. There is nuance that is important to take into account when dealing with human beings, and predictive models may not be able to pick up on this nuance, resulting in the wrong action or decision being made. Finally, predictive models are dependent on good and plentiful data, which requires data to be collected from students. This, of course, comes with a great deal of concern around student privacy and over-monitoring.

Predictive modelling is a promising and exciting new tool that has the potential to revolutionize the education space, but it is not without its risks and will need to be used with extreme responsibility if it is to do more harm than good for students and teachers alike.
"
leaps_user70,"Predictive modeeling is used to analyse the past data events and predict about furture events based on the exisitng data and it is mostly usesful for students in learning futhermore it helps students in tailoring according to their needs and help them prepare for their college and help analyze the student behaviours and help in the success of the students. perphaps they are more risk associated with this if the prediction is based on group of students and not individuals it can some times leads to failure
this model is mostly useful for educators or at the institutional level where it makes complex subject into easier ones and it helps them in conducting workshps or online classes and provide addiotional evidence to support their decision.It helps in the allocation of data and subjects and help them which students are at the risk of failure and identify them before they drop out of college.but there can be somedrawbacks that for comparing two subjects based on the exisiting data like english and mathamathics it will provide the results but this results may vary and decide the drop out rate for students but it does mean that this data is always correct.
some models like deep learning  can be very difficult to understand and the interpret the data can be wrong and it lacks privacy and data transperency can make it difficult for the educators to trust this model and it even raises ethical concerns and exisitng inequality in education.but when it is developed fairer and trained properly with the given resources and allocation it provide great benifits to educators and students 
this model rely mostly on demographic data like race and ethinicity rather then the potential of the students and it defines the background of the students which inturn is loss for the students and their privacy.overall this model is very useful if trained properly for everyone."
leaps_user73,"Predictive modelling in education has been utilized to identify students at risk of failure and improve learning outcomes in both school and university settings. By analyzing past data to predict future behavior, educators can tailor student support based on individual profiles and make targeted interventions, such as redesigning and adjusting courses and timelines, to enhance student success. This technique has been commonly applied to prevent student dropouts by learning from past student behavior and dropout patterns. However, the application of predictive models in education is not without its challenges and ethical risks.

The interpretation of student data from online activity can vary depending on the context, leading to misclassification of students and ineffective interventions at the institutional level. Models that heavily rely on demographic data, such as race, gender, or socioeconomic status, may simplify students and define them by their background rather than their potential, reinforcing stereotypes and inequalities. Additionally, the lack of a theoretical basis and accountability issues in predictive modelling can lead to challenges in understanding how models work and who is responsible for unfair outcomes.

The UK A-level grading fiasco exemplifies how automated systems can produce unfair results, particularly for vulnerable students. In this case, the algorithm assigned grades based on students' past school performance and school-level data, resulting in outcomes that harmed many students. 

Furthermore, predictive models may not have the same predictive power across different subjects. For example, forum participation may predict achievement in a communications course but not in biology or mathematics. These differences emphasize the need for  context-specific approaches when using predictive modelling in education.

The lack of theory and focus on online activity, coupled with accountability issues and responsibility for unfair results, pose challenges in the responsible use of predictive modelling. Hidden failures and weakening of trust in education can occur if these issues are not addressed effectively. Therefore, it is crucial to acknowledge these challenges and ensure the responsible use of predictive modelling to mitigate the risk of reinforcing inequalities and widening the gap between students of different backgrounds."
leaps_user76,"These two paragraphs are discussing about how the predictive AI model used in education. 

The first one more focus on the advantages. because the predicting AI based on the assumption that data that describes past events can be used to predict potential future behavior, can be used in education to help improve student outcomes, personalize learning experiences, and identify at-risk students who may need additional support. for example, it can predicting the risk of drop out by analyzing historical student data and learn  the relationship between how students behaved before they dropped out,between how students behaved before they dropped out. so the predictive modelling can play an important role in making education more adaptive and responsive to the needs of students. 

The second paragraph is more focus on the disadvantages. Some potential risks of using predictive AI in education .Firstly is Bias,. AI algorithms can be biased if they are trained on data that is not representative of the student population. This can lead to unfair outcomes and perpetuate existing inequalities in the education system. Secondly is Privacy concerns. Predictive AI relies on collecting and analyzing large amounts of student data, which raises concerns about privacy and data security. Schools and education institutions must ensure that student data is protected and used responsibly. The last is Over-reliance on technology. There is a risk that schools may become overly reliant on predictive AI and neglect the importance of human judgment and intervention in the education process. It is important to strike a balance between using AI as a tool to support decision-making and maintaining the human element in education.

in conclusions, the predictive AI can help the educators to predict students behavior and improve course plan but unfortunately there have some restrictions and risks there that still need to be seen and solved.
"
leaps_user78,"Predictive modelling is basically mathematical modelling to predict future events based on past data of this event. The logic here is learning from previous events and creating an algortihm to predict future events before they happen. It was used in universities to predict which students are about to drop off. It was seen that this modelling technique could identify some patterns specific to majors of students or other features. For example, math students and biology students showed different patterns in case of drop off. However, these models were also shown that they could be decisive and stick to some stereotypes that does not carry meaningful information about students. In addition, they might lack theory, just overfitting on some past events and predicting future events in that manner. It creates suspect when it comes to their accountability and the question that who will be the responsible of failures and losses predictive modelling may create now or in future.

The another problem is ethical risks that predictive modelling may create as it has a potential of amplify or simply strengthen inequalities which is known to exist in past data. To overcome this situation, AI developers may tend to collect more data, however this causes another irritaion between students as they might feel to be overlooked. When it may create such problems, predictive modelling may contribute to the process of analyzing students needs and status and educators can intensively benefit from it. If AI and predictive modelling is used correctly and responsibly by educators, education might become fairer and more effective. So, instead of not using it, teachers should be aware of its potential and integrate it into their program. That will definitely enhance the quality and effectiveness of the overall education and students will benefit from it in many other ways as we examine in that synthesis.     "
leaps_user84,"Both Text A and Text B discuss the concept of predictive modelling while Text  A focuses on the positive aspects of predictive modelling, Text B emphasizes the ethical risks, predictive future events and limitations of using predictive modelling. In both Text confirms that use of existing data to predict future events or behaviors. Both Text A and Text B mentions the potential benefits of predictive modelling in improving student outcomes and supporting educators. They both acknowledging that the importance of using existing data to inform decision making at both individual and institutional levels. After talking about similarities of Text A and Text B differences also occurs. Text A discusses how predictive modelling can help identify at risk students and inform course design, while Text B raises concerns about the potential for models to reinforce stereotypes and inequalities. Text A highlights the role of predictive modelling in making education more adaptive and responsive, whereas Text B points out the challenges of using predictive models across different subjects and lack of theoretical basis in some studies. Text A mentions the importance of responsible development and ongoing improvement of predictive models, while Text B raises the issues of accountability and fairness in model outcomes.Text A emphasizes the potential of predictive modelling to improve learning, retention, and graduation rates by tailoring interventions to individual student needs, while Text B raises concerns about the superficiality of using online activity data to predict student success and the risk of misclassifying students based on surface behaviors. Text A highlights the importance of predictive modelling in contributing to scientific progress and building reliable knowledge, while Text B raises concerns about accountability and fairness in model outcomes, particularly in cases where models may reproduce inequalities."
leaps_user86,"Predictive modelling could be use to predict data students behavior, if a student will drop out during the career earlier and  also depends on the subject. It was show that math students leave the career earlier in comparison with for example biology. By predicting this scenario institutions could make an effort to adapt the programs and subjects to what do students need, avoiding students to leave the career. 
Predictive modelling in education uses past data to predict future student behavior and outcomes, allowing for early intervention to support at-risk students. These models can inform decision-making at the institutional level, improving courses and support services. When developed responsibly, predictive modelling can make education more adaptive and responsive to student needs.
But it is not as easy as it sounds, predictive modelling could fail into capture the complexities of learning and also producing stereotypes in education, due to the fact that many models rely heavily on  demographic data rather that in the in their individual potential or abilities. Causing an unfair labeling and missing opportunities. Predictive modelling in education faces ethical risks, such as reinforcing stereotypes and producing unfair outcomes. Models that rely on demographic data or online activity may oversimplify student experiences and fail to capture the complexities of learning. Accountability and transparency are concerns, as unfair results may harm vulnerable students and erode trust in education. Responsible use of predictive modelling is crucial to avoid exacerbating inequalities and ensuring fair treatment of all students.
In conclusion, predictive modelling in education has the potential to support student success and improve outcomes by predicting future behavior and identifying at-risk students for early intervention. However, there are ethical risks associated with the reliance on demographic data in predictive models, which can lead to the reinforcement of stereotypes and misclassification of certain student groups. To address these challenges, it is important to diversify data inputs, incorporate contextual information, establish feedback loops, promote transparency, and ensure ethical oversight in the development and implementation of predictive models."
leaps_user87,"Predictive modeling operates under the premise that data detailing past occurrences can be utilized to forecast potential future actions.  Within the educational realm, this method has frequently been employed to pinpoint students in jeopardy of academic failure prior to their departure from university.  By tailoring interventions to meet individual student needs, such as recommending personalized learning materials, the overarching goal is to improve learning outcomes and boost graduation rates. In the field of learning analytics, which utilizes educational data to enhance teaching and learning practices, predictive modeling can enhance the transparency of educational processes, such as student progress and participation, making it easier for teachers to interpret and act upon the insights provided. At the organizational level, these models also play a role in continuous enhancement, as forecasts are revised with fresh data from incoming students and utilized to inform decisions regarding courses and student assistance in the long run. However, the implementation of predictive models in education presents challenges related to perpetuating stereotypes, facing limitations across diverse subjects, and lacking transparency in model mechanisms and alignment with student learning processes. Moreover, accountability is a pressing concern in the context of predictive modeling in education. Clarity is essential regarding the responsibility for addressing unfair outcomes that may arise from model predictions. While testing for fairness and implementing technical adjustments are crucial steps, they may not always prevent unjust results. Therefore, a careful and deliberate approach is necessary to navigate the ethical considerations and potential risks associated with predictive modeling in education. By addressing these complexities thoughtfully, educational institutions can harness the power of predictive modeling to support student success, drive positive educational outcomes, and ensure accountability and fairness in the implementation of these models. This comprehensive approach is vital to maximize the benefits of predictive modeling while mitigating its potential drawbacks, ultimately fostering a more equitable and effective educational environment. By fostering a deeper understanding of predictive modeling and its implications, educators can make informed decisions to enhance student learning experiences and outcomes."
leaps_user89,"AI gained an important role in our lives and using AI became unavoidable. Predictive modelling is one of the important tools that uses AI to generate predictions based on a data set given to it. More precisely, a data set including real-life examples is given to AI to create a general information or a general view to predict an outcome of another set of data that is not given to feed the AI in the beginning. This means the output or the prediction created by the AI will be shaped by the information (data set) given to AI in the beginning, which may cause some biased outputs. Predictive modelling can be used in many different areas to make predictions as well as the area of education. 

Using predictive modelling in AI might help teachers or professors to identify the student needs and try to find ways to increase the efficiency of their lectures. It might also help students to see what patterns they have compared to other students and what might be the next steps that are waiting for them. However, these predictions made by AI might be also misleading since the prediction generated is based on the information of previous students. For example: If a prediction model is fed by the information from only students without special needs, the outcome prediction could be misleading for a student with special needs since the model does not have information about the students with special needs. It is also a problem that these models would contain a biased data. For example, the data set given to AI to feed the model can show a pattern where male students are better in a specific course than female students. The prediction for a female student by using the model might be showing that she will not be successful, which would be misleading since it will be biased. 

In conclusion, predictive modelling can be really helpful in education to make predictions to help students achieve better. However, it has to be considered that it might be biased and make misleading conclusions."
leaps_user90,"The first text explores the application of predictive modeling in education, where past data is utilized to forecast future student behavior and enhance learning outcomes through customized interventions. For instance, it is used to proactively identify students at risk of failure before they withdraw from university. This information is then leveraged to create personalized interventions and support systems that aim to improve learning outcomes, retention rates, and graduation rates. Furthermore, the authors underscore the role of predictive modeling in guiding decision-making at both the individual classroom and institutional levels, assisting educators in course redesign, teaching timeline adjustments, and efficient allocation of support services.

On the contrary, the second text sheds light on the risks and obstacles linked to predictive modeling in education. It explores how models can perpetuate stereotypes, inaccurately categorize students based on demographic or online activity data, and encounter limitations when applied too broadly. The text also expresses concerns regarding the lack of transparency, accountability, and the potential for unjust outcomes in predictive modeling, as exemplified by the UK A-level grading incident. Additionally, the authors underscore the ethical hazards associated with predictive modeling, such as the replication and exacerbation of existing inequalities, privacy issues, and the risk of eroding trust in education, consequently widening the gap between privileged and underprivileged students.

In summary, the first text emphasizes the positive impact of predictive modeling in education, while the second text explores the ethical risks and limitations associated with its implementation. Both texts offer valuable insights into the complexities of utilizing predictive modeling in educational settings. It is crucial to establish clear rules, assign responsibility, and ensure accountability in predictive modeling to prevent unfair outcomes and protect students from the adverse effects of automated systems. Additionally, balancing the benefits of predictive modeling with ethical considerations and continuously evaluating and refining predictive modeling practices are essential to ensure responsible and equitable use of this technology in education.




"
leaps_user91,"In the context of text A as follows the criteria predicting the college students who are at risk of failure and going to dropout based on the current holding records. As stated by Brooks & Thompson, 2017 this can be predicted using the date of previous students. AI models main idea of its implementation is to contribute help to the students based on their individualistic order. The critical expertise of AI assistive prediction has been implemented to adapt give help based on the data modeled. As the study conducted by Brook&Greer, 2014 has found that the AI based predictions have helped and supported educators by transforming complex data turned into easier comprehensive conclusion. Thereby the help that could be handed over has simplified into targeted interventions of workshops, tutoring or online resources. Additionally student's participation and progress have been studied. Although these data related conclusion might decisively be at times the reflection of inequalities due to some missing data of considering which could only be iterated after few more studies. Finally, this could be a revolution in the field of education making the teachers understand students ability with more fairer, and more to the needs including the teachers according to Brook&Greer, 2014.
According to the Text B, states that predictive modeling in in education at the institutional level still face limitations due to accuracy varied based on the different subject, i.e. these models have not yet been universal and still need further research. For example, the forum participation might predict achievement in a communication course but not in biology or mathematics. Applying the same model may also lead in disregarding or misinterpreting for all student at same level. As a result institution's policies do not take action based on the same model. According to the study by Kokkman the study in the UK have sorted on predicting based on the model .
"
leaps_user99,"Potential future behavior can be predicted by past events using predictive modelling. This is in use to predict student behavior for educational purposes such as why students drop-out. These inferences can prevent the possible risks students tackle. With these model a profile for each student can be created and this supports the adaptation of existing material or understand which one suit better to positively affect graduation rates. It helps educators by making complex data easier to interpret and act on with an overview for teaching practices and allocated support services.  Predictive modelling support the decisions based on higher education with data examined from different student groups while helping to understand the patterns. It is seen that biology students drop out and mathematics student struggle earlier. If its only looked at these data we come up with a generic pattern. Specific findings like these can help teachers redesign courses, adjust teaching timelines, or add feedback opportunities at critical points. At the same time, administrators can use the information to decide where support services, such as tutoring or writing centers, are most needed (Brooks & Thompson, 2017). It makes educational process more transparent and easier for teachers to interpret, however it can be misleading depending on the data cluster. Predictions also change depending on the course structure and conditions. more data should be analysed to accurately predict. It will help the institutional improvements as well as student's learning experience. It should also be noted that these models contain ethical risks. Such risks could be data tendency for specific demographics leading prejudice. It is important to note context of the behavior. Just relying on data from clicks, logins, etc. can be misleading.Data quality should be top priority. Another complexity is lack of theory as many of these predictions rely on online activity but misses the point of in person interaction. Data collection must be clearly structured, inclusive and transparent."
